serverTime,millis,temperature,humidity,dewPoint
"2025-12-07T10:26:46.466Z","5913889","16.6","65","9.6"
"2025-12-07T10:26:56.340Z","5923767","16.6","65","9.6"
"2025-12-07T10:27:06.431Z","5933857","16.6","65","9.6"
"2025-12-07T10:27:16.361Z","5943787","16.6","65","9.6"
"2025-12-07T10:27:26.356Z","5953782","16.6","65","9.6"
"2025-12-07T10:27:36.433Z","5963859","16.6","65","9.6"
"2025-12-07T10:27:46.469Z","5973896","16.6","65","9.6"
"2025-12-07T10:27:56.379Z","5983798","16.6","65","9.6"
"2025-12-07T10:28:06.387Z","5993813","16.6","65","9.6"
"2025-12-07T10:28:16.478Z","6003904","16.6","65","9.6"
"2025-12-07T10:28:26.507Z","6013934","16.6","65","9.6"
"2025-12-07T10:28:36.443Z","6023869","16.6","65","9.6"
"2025-12-07T10:28:46.405Z","6033824","16.6","65","9.6"
"2025-12-07T10:28:56.409Z","6043836","16.6","65","9.6"
"2025-12-07T10:29:06.443Z","6053870","16.6","65","9.6"
"2025-12-07T10:29:16.497Z","6063905","16.6","65","9.6"
"2025-12-07T10:29:26.513Z","6073940","16.6","65","9.6"
"2025-12-07T10:29:36.446Z","6083873","16.6","65","9.6"
"2025-12-07T10:29:46.482Z","6093909","16.6","65","9.6"
"2025-12-07T10:29:56.517Z","6103944","16.6","65","9.6"
"2025-12-07T10:30:06.458Z","6113882","16.6","65","9.6"
"2025-12-07T10:30:16.485Z","6123913","16.6","64","9.4"
"2025-12-07T10:30:26.520Z","6133948","16.6","64","9.4"
"2025-12-07T10:30:36.556Z","6143983","16.6","64","9.4"
"2025-12-07T10:30:46.488Z","6153916","16.6","64","9.4"
"2025-12-07T10:30:56.523Z","6163951","16.6","64","9.4"
"2025-12-07T10:31:06.661Z","6174089","16.6","64","9.4"
"2025-12-07T10:31:16.524Z","6183944","16.6","64","9.4"
"2025-12-07T10:31:26.527Z","6193955","16.6","64","9.4"
"2025-12-07T10:31:36.516Z","6203944","16.6","64","9.4"
"2025-12-07T10:31:46.599Z","6214027","16.6","64","9.4"
"2025-12-07T10:31:56.648Z","6224076","16.6","64","9.4"
"2025-12-07T10:32:06.562Z","6233991","16.6","64","9.4"
"2025-12-07T10:32:16.551Z","6243979","16.6","64","9.4"
"2025-12-07T10:32:26.574Z","6254003","16.6","64","9.4"
"2025-12-07T10:32:36.581Z","6264009","16.6","64","9.4"
"2025-12-07T10:32:46.602Z","6274031","16.6","64","9.4"
"2025-12-07T10:32:56.592Z","6284020","16.6","64","9.4"
"2025-12-07T10:33:06.678Z","6294107","16.6","64","9.4"
"2025-12-07T10:33:16.715Z","6304143","16.6","64","9.4"
"2025-12-07T10:33:26.642Z","6314071","16.6","64","9.4"
"2025-12-07T10:33:36.618Z","6324047","16.6","64","9.4"
"2025-12-07T10:33:46.627Z","6334056","16.6","64","9.4"
"2025-12-07T10:33:56.749Z","6344178","16.6","64","9.4"
"2025-12-07T10:34:06.638Z","6354067","16.6","64","9.4"
"2025-12-07T10:34:16.655Z","6364084","16.6","64","9.4"
"2025-12-07T10:34:26.662Z","6374091","16.6","64","9.4"
"2025-12-07T10:34:36.789Z","6384218","16.6","64","9.4"
"2025-12-07T10:34:46.688Z","6394117","16.6","64","9.4"
"2025-12-07T10:34:56.756Z","6404185","16.6","64","9.4"
"2025-12-07T10:35:24.204Z","6431629","16.6","64","9.4"
"2025-12-07T10:35:34.088Z","6441517","16.6","64","9.4"
"2025-12-07T10:35:44.102Z","6451531","16.6","64","9.4"
"2025-12-07T10:35:54.203Z","6461632","16.6","64","9.4"
"2025-12-07T10:36:04.137Z","6471566","16.6","64","9.4"
"2025-12-07T10:36:14.172Z","6481601","16.6","64","9.4"
"2025-12-07T10:36:24.207Z","6491636","16.6","64","9.4"
"2025-12-07T10:36:34.242Z","6501671","16.6","64","9.4"
"2025-12-07T10:36:44.176Z","6511605","16.6","64","9.4"
"2025-12-07T10:36:54.162Z","6521586","16.6","64","9.4"
"2025-12-07T10:37:04.247Z","6531675","16.6","64","9.4"
"2025-12-07T10:37:14.382Z","6541812","16.6","64","9.4"
"2025-12-07T10:37:24.221Z","6551651","16.6","64","9.4"
"2025-12-07T10:37:34.351Z","6561781","16.6","64","9.4"
"2025-12-07T10:37:44.187Z","6571617","16.6","64","9.4"
"2025-12-07T10:37:54.218Z","6581648","16.6","64","9.4"
"2025-12-07T10:38:04.252Z","6591683","16.6","64","9.4"
"2025-12-07T10:38:14.305Z","6601735","16.6","64","9.4"
"2025-12-07T10:38:24.214Z","6611644","16.6","64","9.4"
"2025-12-07T10:38:34.208Z","6621638","16.6","64","9.4"
"2025-12-07T10:38:44.218Z","6631643","16.6","64","9.4"
"2025-12-07T10:38:54.223Z","6641654","16.6","64","9.4"
"2025-12-07T10:39:07.131Z","6654557","16.6","64","9.4"
"2025-12-07T10:39:17.102Z","6664533","16.6","64","9.4"
"2025-12-07T10:39:27.197Z","6674627","16.6","64","9.4"
"2025-12-07T10:39:37.233Z","6684664","16.6","64","9.4"
"2025-12-07T10:39:47.165Z","6694595","16.6","64","9.4"
"2025-12-07T10:39:57.148Z","6704579","16.6","64","9.4"
"2025-12-07T10:40:07.166Z","6714587","16.6","64","9.4"
"2025-12-07T10:40:17.168Z","6724599","16.6","64","9.4"
"2025-12-07T10:40:27.204Z","6734634","16.6","64","9.4"
"2025-12-07T10:40:37.239Z","6744670","16.6","64","9.4"
"2025-12-07T10:40:47.274Z","6754705","16.6","64","9.4"
"2025-12-07T10:40:57.314Z","6764741","16.6","64","9.4"
"2025-12-07T10:41:07.251Z","6774679","16.6","64","9.4"
"2025-12-07T10:41:17.288Z","6784719","16.6","64","9.4"
"2025-12-07T10:41:27.367Z","6794798","16.6","64","9.4"
"2025-12-07T10:41:37.349Z","6804780","16.6","64","9.4"
"2025-12-07T10:41:47.282Z","6814712","16.6","64","9.4"
"2025-12-07T10:41:57.317Z","6824747","16.6","64","9.4"
"2025-12-07T10:42:07.351Z","6834783","16.6","65","9.6"
"2025-12-07T10:42:17.390Z","6844821","16.6","65","9.6"
"2025-12-07T10:42:27.321Z","6854753","16.6","65","9.6"
"2025-12-07T10:42:37.295Z","6864725","16.6","65","9.6"
"2025-12-07T10:42:47.392Z","6874824","16.6","65","9.6"
"2025-12-07T10:42:57.329Z","6884761","16.6","65","9.6"
"2025-12-07T10:43:07.360Z","6894791","16.6","65","9.6"
"2025-12-07T10:43:17.393Z","6904826","16.6","65","9.6"
"2025-12-07T10:43:27.432Z","6914863","16.6","65","9.6"
"2025-12-07T10:43:37.362Z","6924794","16.6","65","9.6"
"2025-12-07T10:43:47.401Z","6934831","16.6","65","9.6"
"2025-12-07T10:43:57.436Z","6944866","16.6","65","9.6"
"2025-12-07T10:44:07.366Z","6954798","16.6","65","9.6"
"2025-12-07T10:44:17.359Z","6964791","16.6","65","9.6"
"2025-12-07T10:44:27.376Z","6974808","16.6","65","9.6"
"2025-12-07T10:44:43.418Z","6990846","16.6","65","9.6"
"2025-12-07T10:44:53.394Z","7000824","16.6","64","9.4"
"2025-12-07T10:45:03.369Z","7010781","16.6","64","9.4"
"2025-12-07T10:45:13.356Z","7020788","16.6","64","9.4"
"2025-12-07T10:45:23.354Z","7030785","16.6","64","9.4"
"2025-12-07T10:45:33.383Z","7040815","16.6","64","9.4"
"2025-12-07T10:45:43.362Z","7050794","16.6","64","9.4"
"2025-12-07T10:45:53.455Z","7060888","16.6","64","9.4"
"2025-12-07T10:46:03.490Z","7070922","16.6","65","9.6"
"2025-12-07T10:46:13.411Z","7080824","16.6","65","9.6"
"2025-12-07T10:46:23.395Z","7090829","16.6","65","9.6"
"2025-12-07T10:46:33.493Z","7100926","16.6","64","9.4"
"2025-12-07T10:46:43.431Z","7110864","16.6","65","9.6"
"2025-12-07T10:46:53.460Z","7120894","16.6","65","9.6"
"2025-12-07T10:47:03.441Z","7130875","16.6","65","9.6"
"2025-12-07T10:47:13.446Z","7140881","16.6","65","9.6"
"2025-12-07T10:47:23.459Z","7150894","16.6","65","9.6"
"2025-12-07T10:47:33.500Z","7160933","16.6","65","9.6"
"2025-12-07T10:47:43.474Z","7170907","16.6","65","9.6"
"2025-12-07T10:47:53.472Z","7180905","16.6","65","9.6"
"2025-12-07T10:48:03.605Z","7191039","16.6","65","9.6"
"2025-12-07T10:48:23.267Z","7210697","16.6","65","9.6"
"2025-12-07T10:48:33.247Z","7220681","16.6","65","9.6"
"2025-12-07T10:48:43.338Z","7230772","16.6","65","9.6"
"2025-12-07T10:48:53.376Z","7240807","16.6","65","9.6"
"2025-12-07T10:49:03.305Z","7250739","16.6","65","9.6"
"2025-12-07T10:49:13.341Z","7260775","16.6","65","9.6"
"2025-12-07T10:49:23.376Z","7270810","16.6","64","9.4"
"2025-12-07T10:49:33.410Z","7280845","16.6","64","9.4"
"2025-12-07T10:49:48.418Z","7295847","16.6","64","9.4"
"2025-12-07T10:49:58.498Z","7305932","16.6","64","9.4"
"2025-12-07T10:50:08.432Z","7315866","16.6","64","9.4"
"2025-12-07T10:50:18.467Z","7325900","16.6","64","9.4"
"2025-12-07T10:50:28.501Z","7335936","16.6","64","9.4"
"2025-12-07T10:50:38.467Z","7345890","16.6","64","9.4"
"2025-12-07T10:50:48.573Z","7356006","16.6","64","9.4"
"2025-12-07T10:50:58.505Z","7365939","16.6","64","9.4"
"2025-12-07T10:51:08.543Z","7375978","16.6","64","9.4"
"2025-12-07T10:51:18.576Z","7386010","16.6","64","9.4"
"2025-12-07T10:51:28.505Z","7395939","16.6","64","9.4"
"2025-12-07T10:51:38.547Z","7405979","16.6","64","9.4"
"2025-12-07T10:51:48.519Z","7415953","16.6","64","9.4"
"2025-12-07T10:51:58.513Z","7425948","16.6","64","9.4"
"2025-12-07T10:52:16.636Z","7444066","16.6","64","9.4"
"2025-12-07T10:52:26.613Z","7454048","16.6","64","9.4"
"2025-12-07T10:52:36.707Z","7464142","16.6","64","9.4"
"2025-12-07T10:52:46.642Z","7474077","16.6","64","9.4"
"2025-12-07T10:52:56.676Z","7484110","16.6","64","9.4"
"2025-12-07T10:53:06.712Z","7494146","16.6","64","9.4"
"2025-12-07T10:53:16.746Z","7504181","16.6","64","9.4"
"2025-12-07T10:53:26.782Z","7514217","16.6","64","9.4"
"2025-12-07T10:53:36.714Z","7524149","16.6","64","9.4"
"2025-12-07T10:53:46.751Z","7534186","16.6","64","9.4"
"2025-12-07T10:53:56.788Z","7544223","16.6","64","9.4"
"2025-12-07T10:54:06.719Z","7554154","16.6","64","9.4"
"2025-12-07T10:54:16.693Z","7564128","16.6","64","9.4"
"2025-12-07T10:54:26.777Z","7574194","16.6","64","9.4"
"2025-12-07T10:54:36.824Z","7584260","16.6","64","9.4"
"2025-12-07T10:54:46.725Z","7594156","16.6","64","9.4"
"2025-12-07T10:54:56.793Z","7604229","16.6","64","9.4"
"2025-12-07T10:55:06.730Z","7614165","16.6","64","9.4"
"2025-12-07T10:55:16.761Z","7624196","16.6","64","9.4"
"2025-12-07T10:55:26.744Z","7634179","16.6","64","9.4"
"2025-12-07T10:55:36.767Z","7644201","16.6","64","9.4"
"2025-12-07T10:55:46.868Z","7654302","16.6","64","9.4"
"2025-12-07T10:55:56.767Z","7664202","16.6","64","9.4"
"2025-12-07T10:56:06.940Z","7674373","16.6","65","9.6"
"2025-12-07T10:56:16.788Z","7684221","16.6","65","9.6"
"2025-12-07T10:56:26.821Z","7694257","16.6","65","9.6"
"2025-12-07T10:56:36.795Z","7704231","16.6","65","9.6"
"2025-12-07T10:56:46.873Z","7714309","16.6","65","9.6"
"2025-12-07T10:56:56.816Z","7724251","16.6","64","9.4"
"2025-12-07T10:57:06.945Z","7734380","16.6","64","9.4"
"2025-12-07T10:57:16.877Z","7744313","16.6","64","9.4"
"2025-12-07T10:57:26.949Z","7754372","16.6","64","9.4"
"2025-12-07T10:57:36.950Z","7764386","16.6","64","9.4"
"2025-12-07T10:57:46.983Z","7774419","16.6","64","9.4"
"2025-12-07T10:57:56.916Z","7784352","16.6","64","9.4"
"2025-12-07T10:58:06.890Z","7794326","16.6","64","9.4"
"2025-12-07T10:58:16.887Z","7804324","16.6","64","9.4"
"2025-12-07T10:58:26.919Z","7814356","16.6","64","9.4"
"2025-12-07T10:58:36.909Z","7824345","16.6","64","9.4"
"2025-12-07T10:58:46.930Z","7834367","16.6","64","9.4"
"2025-12-07T10:58:56.925Z","7844362","16.6","64","9.4"
"2025-12-07T10:59:06.957Z","7854394","16.6","64","9.4"
"2025-12-07T10:59:16.946Z","7864383","16.6","64","9.4"
"2025-12-07T10:59:27.053Z","7874489","16.6","64","9.4"
"2025-12-07T10:59:37.066Z","7884502","16.6","64","9.4"
"2025-12-07T10:59:46.986Z","7894403","16.6","64","9.4"
"2025-12-07T10:59:57.039Z","7904475","16.6","64","9.4"
"2025-12-07T11:00:07.068Z","7914505","16.6","64","9.4"
"2025-12-07T11:00:17.106Z","7924543","16.6","64","9.4"
"2025-12-07T11:00:27.036Z","7934473","16.6","64","9.4"
"2025-12-07T11:00:37.173Z","7944610","16.6","64","9.4"
"2025-12-07T11:00:47.006Z","7954442","16.6","64","9.4"
"2025-12-07T11:00:57.040Z","7964476","16.6","64","9.4"
"2025-12-07T11:01:07.074Z","7974511","16.6","64","9.4"
"2025-12-07T11:01:17.111Z","7984547","16.6","64","9.4"
"2025-12-07T11:01:27.043Z","7994479","16.6","64","9.4"
"2025-12-07T11:01:37.078Z","8004515","16.6","64","9.4"
"2025-12-07T11:01:47.027Z","8014463","16.6","64","9.4"
"2025-12-07T11:01:57.151Z","8024587","16.6","64","9.4"
"2025-12-07T11:02:07.042Z","8034479","16.6","64","9.4"
"2025-12-07T11:02:17.119Z","8044555","16.6","64","9.4"
"2025-12-07T11:02:27.049Z","8054487","16.6","64","9.4"
"2025-12-07T11:02:37.053Z","8064491","16.6","64","9.4"
"2025-12-07T11:02:47.120Z","8074557","16.6","64","9.4"
"2025-12-07T11:02:57.155Z","8084593","16.6","64","9.4"
"2025-12-07T11:03:07.087Z","8094526","16.6","64","9.4"
"2025-12-07T11:03:17.088Z","8104526","16.6","64","9.4"
"2025-12-07T11:03:27.103Z","8114539","16.6","64","9.4"
"2025-12-07T11:03:37.103Z","8124539","16.6","64","9.4"
"2025-12-07T11:03:47.126Z","8134563","16.6","64","9.4"
"2025-12-07T11:03:57.113Z","8144550","16.6","64","9.4"
"2025-12-07T11:04:07.199Z","8154636","16.6","64","9.4"
"2025-12-07T11:04:17.235Z","8164672","16.6","64","9.4"
"2025-12-07T11:04:27.155Z","8174574","16.6","64","9.4"
"2025-12-07T11:04:37.141Z","8184579","16.6","64","9.4"
"2025-12-07T11:04:47.165Z","8194600","16.6","64","9.4"
"2025-12-07T11:04:57.280Z","8204717","16.6","64","9.4"
"2025-12-07T11:05:07.157Z","8214594","16.6","64","9.4"
"2025-12-07T11:05:17.240Z","8224678","16.6","64","9.4"
"2025-12-07T11:05:27.277Z","8234715","16.6","64","9.4"
"2025-12-07T11:05:37.209Z","8244646","16.6","64","9.4"
"2025-12-07T11:05:47.196Z","8254633","16.6","64","9.4"
"2025-12-07T11:05:57.284Z","8264721","16.6","64","9.4"
"2025-12-07T11:06:07.210Z","8274648","16.6","64","9.4"
"2025-12-07T11:06:17.212Z","8284650","16.6","64","9.4"
"2025-12-07T11:06:27.222Z","8294660","16.6","64","9.4"
"2025-12-07T11:06:37.321Z","8304758","16.6","64","9.4"
"2025-12-07T11:06:47.355Z","8314793","16.6","64","9.4"
"2025-12-07T11:06:57.288Z","8324726","16.6","64","9.4"
"2025-12-07T11:07:07.328Z","8334765","16.6","64","9.4"
"2025-12-07T11:07:17.358Z","8344796","16.6","64","9.4"
"2025-12-07T11:07:27.291Z","8354729","16.6","64","9.4"
"2025-12-07T11:07:37.269Z","8364707","16.6","64","9.4"
"2025-12-07T11:07:47.278Z","8374716","16.6","64","9.4"
"2025-12-07T11:07:57.294Z","8384733","16.6","64","9.4"
"2025-12-07T11:08:07.330Z","8394768","16.6","64","9.4"
"2025-12-07T11:08:17.367Z","8404804","16.6","64","9.4"
"2025-12-07T11:08:27.312Z","8414750","16.6","64","9.4"
"2025-12-07T11:08:37.333Z","8424772","16.6","64","9.4"
"2025-12-07T11:08:47.326Z","8434764","16.6","64","9.4"
"2025-12-07T11:08:57.332Z","8444764","16.6","64","9.4"
"2025-12-07T11:09:07.337Z","8454777","16.6","64","9.4"
"2025-12-07T11:09:17.335Z","8464775","16.6","64","9.4"
"2025-12-07T11:09:27.346Z","8474787","16.6","64","9.4"
"2025-12-07T11:09:37.370Z","8484802","16.6","64","9.4"
"2025-12-07T11:09:47.381Z","8494821","16.6","64","9.4"
"2025-12-07T11:09:57.370Z","8504810","16.6","64","9.4"
"2025-12-07T11:10:07.444Z","8514884","16.6","64","9.4"
"2025-12-07T11:10:17.388Z","8524827","16.6","64","9.4"
"2025-12-07T11:10:27.412Z","8534852","16.6","64","9.4"
"2025-12-07T11:10:37.395Z","8544833","16.6","64","9.4"
"2025-12-07T11:10:47.483Z","8554923","16.6","64","9.4"
"2025-12-07T11:10:57.521Z","8564958","16.6","64","9.4"
"2025-12-07T11:11:07.456Z","8574894","16.6","64","9.4"
"2025-12-07T11:11:17.487Z","8584926","16.6","65","9.6"
"2025-12-07T11:11:27.437Z","8594877","16.6","65","9.6"
"2025-12-07T11:11:37.558Z","8604997","16.6","64","9.4"
"2025-12-07T11:11:47.491Z","8614930","16.6","64","9.4"
"2025-12-07T11:11:57.525Z","8624965","16.6","64","9.4"
"2025-12-07T11:12:07.561Z","8635001","16.6","64","9.4"
"2025-12-07T11:12:17.494Z","8644933","16.6","64","9.4"
"2025-12-07T11:12:27.529Z","8654969","16.6","64","9.4"
"2025-12-07T11:12:37.565Z","8665004","16.6","64","9.4"
"2025-12-07T11:12:47.507Z","8674947","16.6","64","9.4"
"2025-12-07T11:12:57.532Z","8684973","16.6","64","9.4"
"2025-12-07T11:13:07.497Z","8694928","16.6","64","9.4"
"2025-12-07T11:13:17.500Z","8704941","16.6","64","9.4"
"2025-12-07T11:13:27.534Z","8714976","16.6","64","9.4"
"2025-12-07T11:13:37.510Z","8724951","16.6","64","9.4"
"2025-12-07T11:13:47.517Z","8734958","16.6","64","9.4"
"2025-12-07T11:13:57.640Z","8745081","16.6","64","9.4"
"2025-12-07T11:14:07.520Z","8754962","16.6","64","9.4"
"2025-12-07T11:14:17.543Z","8764965","16.6","64","9.4"
"2025-12-07T11:14:27.540Z","8774981","16.6","64","9.4"
"2025-12-07T11:14:37.539Z","8784980","16.6","64","9.4"
"2025-12-07T11:14:47.552Z","8794993","16.6","64","9.4"
"2025-12-07T11:14:57.554Z","8804995","16.6","64","9.4"
"2025-12-07T11:15:07.579Z","8815019","16.6","64","9.4"
"2025-12-07T11:15:17.567Z","8825008","16.6","64","9.4"
"2025-12-07T11:15:27.588Z","8835027","16.6","64","9.4"
"2025-12-07T11:15:37.598Z","8845039","16.6","64","9.4"
"2025-12-07T11:15:47.614Z","8855055","16.6","64","9.4"
"2025-12-07T11:15:57.654Z","8865096","16.6","64","9.4"
"2025-12-07T11:16:07.600Z","8875042","16.6","64","9.4"
"2025-12-07T11:16:17.728Z","8885170","16.6","64","9.4"
"2025-12-07T11:16:27.609Z","8895051","16.6","64","9.4"
"2025-12-07T11:16:37.858Z","8905261","16.6","64","9.4"
"2025-12-07T11:16:47.627Z","8915067","16.6","64","9.4"
"2025-12-07T11:16:57.630Z","8925072","16.6","64","9.4"
"2025-12-07T11:17:07.639Z","8935081","16.6","64","9.4"
"2025-12-07T11:17:17.636Z","8945078","16.6","64","9.4"
"2025-12-07T11:17:27.666Z","8955108","16.6","64","9.4"
"2025-12-07T11:17:37.703Z","8965144","16.6","64","9.4"
"2025-12-07T11:17:47.651Z","8975093","16.6","64","9.4"
"2025-12-07T11:17:57.667Z","8985109","16.6","64","9.4"
"2025-12-07T11:18:07.653Z","8995095","16.6","64","9.4"
"2025-12-07T11:18:17.676Z","9005117","16.6","64","9.4"
"2025-12-07T11:18:27.684Z","9015124","16.6","64","9.4"
"2025-12-07T11:18:37.702Z","9025144","16.6","64","9.4"
"2025-12-07T11:18:47.709Z","9035150","16.6","64","9.4"
"2025-12-07T11:18:57.718Z","9045159","16.6","64","9.4"
"2025-12-07T11:19:07.714Z","9055156","16.6","64","9.4"
"2025-12-07T11:19:17.715Z","9065156","16.6","64","9.4"
"2025-12-07T11:19:27.722Z","9075163","16.6","64","9.4"
"2025-12-07T11:19:37.723Z","9085162","16.6","64","9.4"
"2025-12-07T11:19:47.753Z","9095194","16.6","64","9.4"
"2025-12-07T11:19:57.786Z","9105228","16.6","64","9.4"
"2025-12-07T11:20:07.734Z","9115176","16.6","64","9.4"
"2025-12-07T11:20:17.755Z","9125197","16.6","64","9.4"
"2025-12-07T11:20:27.791Z","9135232","16.6","64","9.4"
"2025-12-07T11:20:37.825Z","9145267","16.6","64","9.4"
"2025-12-07T11:20:47.860Z","9155302","16.6","64","9.4"
"2025-12-07T11:20:57.793Z","9165235","16.6","64","9.4"
"2025-12-07T11:21:07.828Z","9175270","16.6","64","9.4"
"2025-12-07T11:21:17.865Z","9185307","16.6","64","9.4"
"2025-12-07T11:21:27.901Z","9195344","16.6","64","9.4"
"2025-12-07T11:21:37.794Z","9205237","16.6","64","9.4"
"2025-12-07T11:21:47.806Z","9215249","16.6","64","9.4"
"2025-12-07T11:21:57.812Z","9225255","16.6","64","9.4"
"2025-12-07T11:22:07.940Z","9235383","16.6","64","9.4"
"2025-12-07T11:22:17.872Z","9245314","16.6","64","9.4"
"2025-12-07T11:22:27.915Z","9255358","16.6","64","9.4"
"2025-12-07T11:22:37.943Z","9265385","16.6","64","9.4"
"2025-12-07T11:22:47.877Z","9275319","16.6","64","9.4"
"2025-12-07T11:22:57.912Z","9285355","16.6","64","9.4"
"2025-12-07T11:23:07.946Z","9295389","16.6","64","9.4"
"2025-12-07T11:23:17.893Z","9305336","16.6","64","9.4"
"2025-12-07T11:23:27.918Z","9315362","16.6","64","9.4"
"2025-12-07T11:23:37.909Z","9325352","16.6","64","9.4"
"2025-12-07T11:23:47.985Z","9335428","16.6","64","9.4"
"2025-12-07T11:23:57.919Z","9345361","16.6","64","9.4"
"2025-12-07T11:24:07.957Z","9355400","16.6","64","9.4"
"2025-12-07T11:24:17.943Z","9365385","16.6","64","9.4"
"2025-12-07T11:24:27.963Z","9375405","16.6","64","9.4"
"2025-12-07T11:24:37.966Z","9385409","16.6","64","9.4"
"2025-12-07T11:24:47.990Z","9395432","16.6","64","9.4"
"2025-12-07T11:24:58.028Z","9405471","16.6","64","9.4"
"2025-12-07T11:25:08.067Z","9415508","16.6","64","9.4"
"2025-12-07T11:25:18.097Z","9425540","16.6","64","9.4"
"2025-12-07T11:25:27.990Z","9435433","16.6","64","9.4"
"2025-12-07T11:25:38.000Z","9445444","16.6","64","9.4"
"2025-12-07T11:25:48.102Z","9455545","16.6","64","9.4"
"2025-12-07T11:25:58.034Z","9465478","16.6","64","9.4"
"2025-12-07T11:26:08.022Z","9475465","16.6","64","9.4"
"2025-12-07T11:26:18.105Z","9485548","16.6","64","9.4"
"2025-12-07T11:26:28.161Z","9495596","16.6","64","9.4"
"2025-12-07T11:26:38.050Z","9505488","16.6","64","9.4"
"2025-12-07T11:26:48.052Z","9515496","16.6","64","9.4"
"2025-12-07T11:26:58.072Z","9525511","16.6","64","9.4"
"2025-12-07T11:27:08.078Z","9535521","16.6","64","9.4"
"2025-12-07T11:27:18.081Z","9545522","16.6","64","9.4"
"2025-12-07T11:27:28.086Z","9555529","16.6","64","9.4"
"2025-12-07T11:27:38.125Z","9565550","16.6","64","9.4"
"2025-12-07T11:27:48.113Z","9575556","16.6","64","9.4"
"2025-12-07T11:27:58.115Z","9585557","16.6","64","9.4"
"2025-12-07T11:28:08.152Z","9595595","16.6","64","9.4"
"2025-12-07T11:28:18.129Z","9605575","16.6","64","9.4"
"2025-12-07T11:28:28.149Z","9615594","16.6","64","9.4"
"2025-12-07T11:28:38.150Z","9625596","16.6","64","9.4"
"2025-12-07T11:28:48.161Z","9635606","16.6","64","9.4"
"2025-12-07T11:28:58.177Z","9645619","16.6","64","9.4"
"2025-12-07T11:29:08.194Z","9655639","16.6","64","9.4"
"2025-12-07T11:29:18.205Z","9665640","16.6","64","9.4"
"2025-12-07T11:29:28.203Z","9675648","16.6","64","9.4"
"2025-12-07T11:29:38.212Z","9685657","16.6","64","9.4"
"2025-12-07T11:29:48.228Z","9695672","16.6","64","9.4"
"2025-12-07T11:29:58.254Z","9705680","16.6","64","9.4"
"2025-12-07T11:30:08.246Z","9715691","16.6","64","9.4"
"2025-12-07T11:30:18.267Z","9725703","16.6","64","9.4"
"2025-12-07T11:30:28.267Z","9735712","16.6","64","9.4"
"2025-12-07T11:30:38.265Z","9745710","16.6","64","9.4"
"2025-12-07T11:30:48.278Z","9755723","16.6","64","9.4"
"2025-12-07T11:30:58.277Z","9765723","16.6","64","9.4"
"2025-12-07T11:31:08.305Z","9775750","16.6","64","9.4"
"2025-12-07T11:31:18.295Z","9785740","16.6","64","9.4"
"2025-12-07T11:31:28.309Z","9795745","16.6","64","9.4"
"2025-12-07T11:31:38.309Z","9805754","16.6","64","9.4"
"2025-12-07T11:31:48.336Z","9815765","16.6","64","9.4"
"2025-12-07T11:31:58.330Z","9825776","16.6","64","9.4"
"2025-12-07T11:32:08.330Z","9835775","16.6","64","9.4"
"2025-12-07T11:32:18.350Z","9845793","16.6","64","9.4"
"2025-12-07T11:32:28.375Z","9855802","16.6","64","9.4"
"2025-12-07T11:32:38.363Z","9865809","16.6","64","9.4"
"2025-12-07T11:32:48.375Z","9875820","16.6","64","9.4"
"2025-12-07T11:32:58.387Z","9885832","16.6","64","9.4"
"2025-12-07T11:33:08.392Z","9895837","16.6","64","9.4"
"2025-12-07T11:33:18.401Z","9905846","16.6","64","9.4"
"2025-12-07T11:33:28.404Z","9915849","16.6","64","9.4"
"2025-12-07T11:33:38.426Z","9925871","16.6","64","9.4"
"2025-12-07T11:33:48.425Z","9935869","16.6","64","9.4"
"2025-12-07T11:33:58.433Z","9945879","16.6","64","9.4"
"2025-12-07T11:34:08.438Z","9955883","16.6","64","9.4"
"2025-12-07T11:34:18.464Z","9965910","16.6","64","9.4"
"2025-12-07T11:34:28.458Z","9975904","16.6","64","9.4"
"2025-12-07T11:34:38.475Z","9985921","16.6","64","9.4"
"2025-12-07T11:34:48.467Z","9995913","16.6","64","9.4"
"2025-12-07T11:34:58.494Z","10005924","16.6","64","9.4"
"2025-12-07T11:35:08.489Z","10015933","16.6","64","9.4"
"2025-12-07T11:35:18.495Z","10025940","16.6","64","9.4"
"2025-12-07T11:35:28.507Z","10035953","16.6","64","9.4"
"2025-12-07T11:35:38.502Z","10045948","16.6","64","9.4"
"2025-12-07T11:35:48.519Z","10055965","16.6","64","9.4"
"2025-12-07T11:35:58.516Z","10065962","16.6","64","9.4"
"2025-12-07T11:36:08.537Z","10075967","16.6","64","9.4"
"2025-12-07T11:36:18.524Z","10085970","16.6","64","9.4"
"2025-12-07T11:36:28.529Z","10095976","16.6","64","9.4"
"2025-12-07T11:36:38.549Z","10105996","16.6","64","9.4"
"2025-12-07T11:36:48.543Z","10115989","16.6","64","9.4"
"2025-12-07T11:36:58.561Z","10126007","16.6","64","9.4"
"2025-12-07T11:37:08.557Z","10136004","16.6","64","9.4"
"2025-12-07T11:37:18.592Z","10146038","16.6","64","9.4"
"2025-12-07T11:37:28.572Z","10156019","16.6","64","9.4"
"2025-12-07T11:37:38.580Z","10166026","16.6","64","9.4"
"2025-12-07T11:37:48.594Z","10176040","16.6","64","9.4"
"2025-12-07T11:37:58.632Z","10186078","16.6","64","9.4"
"2025-12-07T11:38:08.600Z","10196046","16.6","64","9.4"
"2025-12-07T11:38:18.599Z","10206046","16.6","64","9.4"
"2025-12-07T11:38:28.596Z","10216043","16.6","64","9.4"
"2025-12-07T11:38:38.607Z","10226054","16.6","64","9.4"
"2025-12-07T11:38:48.603Z","10236050","16.6","64","9.4"
"2025-12-07T11:38:58.634Z","10246080","16.6","64","9.4"
"2025-12-07T11:39:08.621Z","10256068","16.6","64","9.4"
"2025-12-07T11:39:18.642Z","10266089","16.6","64","9.4"
"2025-12-07T11:39:28.644Z","10276091","16.6","65","9.6"
"2025-12-07T11:39:38.676Z","10286123","16.6","65","9.6"
"2025-12-07T11:39:48.708Z","10296126","16.6","65","9.6"
"2025-12-07T11:39:58.684Z","10306131","16.6","65","9.6"
"2025-12-07T11:40:08.682Z","10316130","16.6","65","9.6"
"2025-12-07T11:40:18.692Z","10326131","17","65","10"
"2025-12-07T11:40:28.689Z","10336136","17","65","10"
"2025-12-07T11:40:38.687Z","10346135","17","65","10"
"2025-12-07T11:40:48.714Z","10356162","17","65","10"
"2025-12-07T11:40:58.710Z","10366157","17","64","9.8"
"2025-12-07T11:41:08.711Z","10376158","17","64","9.8"
"2025-12-07T11:41:18.718Z","10386165","17","64","9.8"
"2025-12-07T11:41:28.718Z","10396165","17","64","9.8"
"2025-12-07T11:41:44.120Z","10411562","17","64","9.8"
"2025-12-07T11:41:54.098Z","10421544","17","64","9.8"
"2025-12-07T11:42:04.103Z","10431550","17","64","9.8"
"2025-12-07T11:42:14.118Z","10441565","17","64","9.8"
"2025-12-07T11:42:24.144Z","10451573","17","64","9.8"
"2025-12-07T11:42:34.136Z","10461583","17","64","9.8"
"2025-12-07T11:42:44.132Z","10471579","17","64","9.8"
"2025-12-07T11:42:54.157Z","10481604","17","64","9.8"
"2025-12-07T11:43:04.143Z","10491591","17","64","9.8"
"2025-12-07T11:43:14.147Z","10501595","17","64","9.8"
"2025-12-07T11:43:24.160Z","10511608","17","64","9.8"
"2025-12-07T11:43:34.157Z","10521605","17","64","9.8"
"2025-12-07T11:43:44.172Z","10531620","17","64","9.8"
"2025-12-07T11:43:54.166Z","10541614","17","64","9.8"
"2025-12-07T11:44:04.166Z","10551614","17","64","9.8"
"2025-12-07T11:44:14.177Z","10561624","17","64","9.8"
"2025-12-07T11:44:24.167Z","10571616","17","64","9.8"
"2025-12-07T11:44:34.193Z","10581626","17","64","9.8"
"2025-12-07T11:44:44.191Z","10591639","17","64","9.8"
"2025-12-07T11:44:54.219Z","10601666","17","64","9.8"
"2025-12-07T11:45:04.216Z","10611665","17","64","9.8"
"2025-12-07T11:45:14.384Z","10621831","17","64","9.8"
"2025-12-07T11:45:24.237Z","10631685","17","64","9.8"
"2025-12-07T11:45:34.253Z","10641701","17","64","9.8"
"2025-12-07T11:45:44.314Z","10651750","17","64","9.8"
"2025-12-07T11:45:54.283Z","10661731","17","64","9.8"
"2025-12-07T11:46:04.265Z","10671714","17","64","9.8"
"2025-12-07T11:46:14.319Z","10681763","17","64","9.8"
"2025-12-07T11:46:27.215Z","10694660","17","64","9.8"
"2025-12-07T11:46:37.204Z","10704653","17","64","9.8"
"2025-12-07T11:46:47.228Z","10714674","17","64","9.8"
"2025-12-07T11:46:57.223Z","10724671","17","64","9.8"
"2025-12-07T11:47:07.234Z","10734682","17","64","9.8"
"2025-12-07T11:47:17.234Z","10744683","17","64","9.8"
"2025-12-07T11:47:27.262Z","10754710","17","64","9.8"
"2025-12-07T11:47:37.252Z","10764700","17","64","9.8"
"2025-12-07T11:47:47.254Z","10774701","17","64","9.8"
"2025-12-07T11:47:57.267Z","10784714","17","64","9.8"
"2025-12-07T11:48:07.296Z","10794745","17","64","9.8"
"2025-12-07T11:48:17.288Z","10804737","17","64","9.8"
"2025-12-07T11:48:27.302Z","10814744","17","64","9.8"
"2025-12-07T11:48:37.301Z","10824751","17","64","9.8"
"2025-12-07T11:48:47.295Z","10834745","17","64","9.8"
"2025-12-07T11:48:57.314Z","10844763","17","64","9.8"
"2025-12-07T11:49:07.321Z","10854771","17","64","9.8"
"2025-12-07T11:49:17.341Z","10864791","17","64","9.8"
"2025-12-07T11:49:27.338Z","10874787","17","64","9.8"
"2025-12-07T11:49:37.354Z","10884803","17","64","9.8"
"2025-12-07T11:49:47.348Z","10894797","17","64","9.8"
"2025-12-07T11:49:57.371Z","10904801","17","64","9.8"
"2025-12-07T11:50:07.366Z","10914816","17","64","9.8"
"2025-12-07T11:50:17.402Z","10924851","17","64","9.8"
"2025-12-07T11:50:27.383Z","10934833","17","64","9.8"
"2025-12-07T11:50:37.376Z","10944826","17","64","9.8"
"2025-12-07T11:50:47.386Z","10954830","17","64","9.8"
"2025-12-07T11:50:57.393Z","10964843","17","64","9.8"
"2025-12-07T11:51:07.418Z","10974868","17","64","9.8"
"2025-12-07T11:51:17.417Z","10984862","17","64","9.8"
"2025-12-07T11:51:27.443Z","10994892","17","64","9.8"
"2025-12-07T11:51:42.364Z","11009811","17","64","9.8"
"2025-12-07T11:51:52.375Z","11019825","17","64","9.8"
"2025-12-07T11:52:02.367Z","11029818","17","64","9.8"
"2025-12-07T11:52:12.394Z","11039844","17","64","9.8"
"2025-12-07T11:52:22.388Z","11049837","17","64","9.8"
"2025-12-07T11:52:32.416Z","11059866","17","64","9.8"
"2025-12-07T11:52:42.400Z","11069851","17","64","9.8"
"2025-12-07T11:52:52.418Z","11079861","17","64","9.8"
"2025-12-07T11:53:07.544Z","11094990","17","64","9.8"
"2025-12-07T11:53:17.515Z","11104965","17","64","9.8"
"2025-12-07T11:53:27.524Z","11114974","17","64","9.8"
"2025-12-07T11:53:37.543Z","11124992","17","64","9.8"
"2025-12-07T11:53:47.569Z","11135001","17","64","9.8"
"2025-12-07T11:53:57.566Z","11145016","17","64","9.8"
"2025-12-07T11:54:07.570Z","11155021","17","64","9.8"
"2025-12-07T11:54:17.586Z","11165035","17","64","9.8"
"2025-12-07T11:54:27.571Z","11175021","17","64","9.8"
"2025-12-07T11:54:37.597Z","11185047","17","64","9.8"
"2025-12-07T11:54:47.601Z","11195051","17","64","9.8"
"2025-12-07T11:55:02.581Z","11210027","17","65","10"
"2025-12-07T11:55:12.574Z","11220020","17","65","10"
"2025-12-07T11:55:22.596Z","11230031","17","64","9.8"
"2025-12-07T11:55:32.586Z","11240037","17","64","9.8"
"2025-12-07T11:55:42.590Z","11250041","17","64","9.8"
"2025-12-07T11:55:52.610Z","11260060","17","64","9.8"
"2025-12-07T11:56:02.609Z","11270059","17","65","10"
"2025-12-07T11:56:12.621Z","11280072","17","65","10"
"2025-12-07T11:56:22.632Z","11290082","17","65","10"
"2025-12-07T11:56:32.648Z","11300098","17","65","10"
"2025-12-07T11:56:42.653Z","11310103","17","65","10"
"2025-12-07T11:56:52.667Z","11320119","17","65","10"
"2025-12-07T11:57:02.671Z","11330122","17","65","10"
"2025-12-07T11:57:12.698Z","11340149","17","65","10"
"2025-12-07T11:57:22.691Z","11350143","17","65","10"
"2025-12-07T11:57:32.698Z","11360150","17","65","10"
"2025-12-07T11:57:42.698Z","11370150","17","65","10"
"2025-12-07T11:57:52.725Z","11380177","17","65","10"
"2025-12-07T11:58:02.716Z","11390167","17","65","10"
"2025-12-07T11:58:12.735Z","11400185","17","65","10"
"2025-12-07T11:58:22.737Z","11410188","17","65","10"
"2025-12-07T11:58:32.765Z","11420217","17","65","10"
"2025-12-07T11:58:42.758Z","11430210","17","65","10"
"2025-12-07T11:58:52.776Z","11440228","17","65","10"
"2025-12-07T11:59:02.779Z","11450230","17","65","10"
"2025-12-07T11:59:12.803Z","11460255","17","65","10"
"2025-12-07T11:59:22.805Z","11470239","17","65","10"
"2025-12-07T11:59:32.791Z","11480243","17","65","10"
"2025-12-07T11:59:47.320Z","11494767","17","65","10"
"2025-12-07T11:59:57.302Z","11504754","17","65","10"
"2025-12-07T12:00:07.324Z","11514775","17","65","10"
"2025-12-07T12:00:17.315Z","11524767","17","65","10"
"2025-12-07T12:00:27.319Z","11534770","17","65","10"
"2025-12-07T12:00:37.329Z","11544782","17","65","10"
"2025-12-07T12:01:28.709Z","11596157","17","65","10"
"2025-12-07T12:01:38.674Z","11606126","17","65","10"
"2025-12-07T12:01:48.682Z","11616134","17","65","10"
"2025-12-07T12:01:58.694Z","11626145","17","65","10"
"2025-12-07T12:02:08.691Z","11636143","17","65","10"
"2025-12-07T12:02:18.701Z","11646154","17","65","10"
"2025-12-07T12:02:28.701Z","11656154","17","65","10"
"2025-12-07T12:02:38.737Z","11666186","17","65","10"
"2025-12-07T12:02:48.713Z","11676166","17.1","65","10.1"
"2025-12-07T12:02:58.735Z","11686178","17.4","65","10.4"
"2025-12-07T12:03:08.739Z","11696191","17.4","65","10.4"
"2025-12-07T12:03:18.739Z","11706192","17.4","65","10.4"
"2025-12-07T12:03:28.752Z","11716207","17.4","65","10.4"
"2025-12-07T12:03:38.772Z","11726217","17.4","65","10.4"
"2025-12-07T12:03:48.774Z","11736228","17.4","65","10.4"
"2025-12-07T12:03:58.806Z","11746258","17.4","65","10.4"
"2025-12-07T12:04:08.795Z","11756247","17.4","65","10.4"
"2025-12-07T12:04:18.824Z","11766255","17.4","65","10.4"
"2025-12-07T12:04:28.811Z","11776265","17.4","65","10.4"
"2025-12-07T12:04:38.814Z","11786267","17.4","65","10.4"
"2025-12-07T12:04:48.824Z","11796277","17.4","65","10.4"
"2025-12-07T12:04:58.818Z","11806272","17.4","65","10.4"
"2025-12-07T12:05:08.853Z","11816306","17.4","65","10.4"
"2025-12-07T12:05:18.847Z","11826301","17.4","65","10.4"
"2025-12-07T12:05:28.864Z","11836318","17.4","65","10.4"
"2025-12-07T12:05:38.864Z","11846317","17.4","65","10.4"
"2025-12-07T12:05:48.899Z","11856352","17.4","65","10.4"
"2025-12-07T12:05:58.870Z","11866324","17.4","65","10.4"
"2025-12-07T12:06:08.871Z","11876325","17.4","65","10.4"
"2025-12-07T12:06:18.894Z","11886349","17.4","65","10.4"
"2025-12-07T12:06:28.892Z","11896346","17.4","65","10.4"
"2025-12-07T12:06:38.907Z","11906362","17.4","65","10.4"
"2025-12-07T12:06:48.899Z","11916353","17.4","65","10.4"
"2025-12-07T12:06:58.922Z","11926360","17.4","64","10.2"
"2025-12-07T12:07:08.910Z","11936364","17.4","64","10.2"
"2025-12-07T12:07:18.912Z","11946366","17.4","64","10.2"
"2025-12-07T12:07:28.938Z","11956392","17.4","64","10.2"
"2025-12-07T12:07:38.926Z","11966380","17.4","64","10.2"
"2025-12-07T12:07:48.944Z","11976398","17.4","64","10.2"
"2025-12-07T12:07:58.938Z","11986393","17.4","64","10.2"
"2025-12-07T12:08:08.938Z","11996393","17.4","64","10.2"
"2025-12-07T12:08:18.952Z","12006406","17.4","64","10.2"
"2025-12-07T12:08:28.948Z","12016402","17.4","64","10.2"
"2025-12-07T12:08:38.969Z","12026407","17.4","64","10.2"
"2025-12-07T12:08:48.959Z","12036414","17.4","64","10.2"
"2025-12-07T12:08:58.965Z","12046419","17.4","64","10.2"
"2025-12-07T12:09:09.010Z","12056462","17.4","64","10.2"
"2025-12-07T12:09:18.981Z","12066435","17.4","64","10.2"
"2025-12-07T12:09:28.991Z","12076445","17.4","64","10.2"
"2025-12-07T12:09:38.989Z","12086443","17.4","64","10.2"
"2025-12-07T12:09:49.012Z","12096446","17.4","64","10.2"
"2025-12-07T12:09:59.005Z","12106459","17.4","64","10.2"
"2025-12-07T12:10:09.011Z","12116465","17.4","65","10.4"
"2025-12-07T12:10:19.024Z","12126478","17.4","65","10.4"
"2025-12-07T12:10:29.025Z","12136479","17.4","65","10.4"
"2025-12-07T12:10:39.036Z","12146490","17.4","65","10.4"
"2025-12-07T12:10:49.034Z","12156488","17.4","65","10.4"
"2025-12-07T12:10:59.062Z","12166517","17.4","65","10.4"
"2025-12-07T12:11:09.047Z","12176502","17.4","65","10.4"
"2025-12-07T12:11:19.072Z","12186526","17.4","65","10.4"
"2025-12-07T12:11:29.081Z","12196536","17.4","65","10.4"
"2025-12-07T12:11:39.092Z","12206531","17.4","65","10.4"
"2025-12-07T12:11:49.081Z","12216536","17.4","65","10.4"
"2025-12-07T12:11:59.092Z","12226547","17.4","65","10.4"
"2025-12-07T12:12:09.113Z","12236568","17.4","65","10.4"
"2025-12-07T12:12:19.102Z","12246558","17.4","65","10.4"
"2025-12-07T12:12:29.125Z","12256579","17.4","65","10.4"
"2025-12-07T12:12:39.122Z","12266577","17.4","65","10.4"
"2025-12-07T12:12:49.143Z","12276599","17.4","65","10.4"
"2025-12-07T12:12:59.140Z","12286596","17.4","65","10.4"
"2025-12-07T12:13:09.158Z","12296612","17.4","65","10.4"
"2025-12-07T12:13:19.152Z","12306607","17.4","65","10.4"
"2025-12-07T12:13:29.180Z","12316635","17.4","65","10.4"
"2025-12-07T12:13:39.173Z","12326628","17.4","65","10.4"
"2025-12-07T12:13:49.199Z","12336650","17.4","65","10.4"
"2025-12-07T12:13:59.199Z","12346654","17.4","65","10.4"
"2025-12-07T12:14:09.229Z","12356684","17.4","65","10.4"
"2025-12-07T12:14:19.205Z","12366661","17.4","65","10.4"
"2025-12-07T12:14:29.235Z","12376687","17.4","65","10.4"
"2025-12-07T12:14:39.227Z","12386683","17.4","64","10.2"
"2025-12-07T12:14:49.260Z","12396716","17.4","64","10.2"
"2025-12-07T12:14:59.246Z","12406702","17.4","65","10.4"
"2025-12-07T12:15:09.253Z","12416709","17.4","65","10.4"
"2025-12-07T12:15:19.263Z","12426719","17.4","65","10.4"
"2025-12-07T12:15:29.267Z","12436724","17.4","65","10.4"
"2025-12-07T12:15:39.276Z","12446732","17.4","65","10.4"
"2025-12-07T12:15:49.275Z","12456732","17.4","65","10.4"
"2025-12-07T12:15:59.293Z","12466732","17.4","65","10.4"
"2025-12-07T12:16:09.285Z","12476741","17.4","65","10.4"
"2025-12-07T12:16:19.305Z","12486752","17.4","65","10.4"
"2025-12-07T12:16:29.319Z","12496775","17.4","65","10.4"
"2025-12-07T12:16:39.303Z","12506760","17.4","65","10.4"
"2025-12-07T12:16:49.323Z","12516779","17.4","65","10.4"
"2025-12-07T12:16:59.309Z","12526766","17.4","65","10.4"
"2025-12-07T12:17:09.341Z","12536798","17.4","65","10.4"
"2025-12-07T12:17:19.323Z","12546780","17.4","65","10.4"
"2025-12-07T12:17:29.324Z","12556781","17.4","65","10.4"
"2025-12-07T12:17:39.344Z","12566801","17.4","65","10.4"
"2025-12-07T12:17:49.338Z","12576794","17.4","65","10.4"
"2025-12-07T12:17:59.344Z","12586801","17.4","65","10.4"
"2025-12-07T12:18:09.356Z","12596812","17.4","65","10.4"
"2025-12-07T12:18:19.368Z","12606814","17.4","65","10.4"
"2025-12-07T12:18:29.364Z","12616821","17.4","65","10.4"
"2025-12-07T12:18:39.365Z","12626821","17.4","65","10.4"
"2025-12-07T12:18:49.388Z","12636845","17.4","65","10.4"
"2025-12-07T12:18:59.386Z","12646844","17.4","65","10.4"
"2025-12-07T12:19:09.409Z","12656856","17.4","65","10.4"
"2025-12-07T12:19:19.402Z","12666858","17.4","65","10.4"
"2025-12-07T12:19:29.466Z","12676911","17.4","65","10.4"
"2025-12-07T12:19:39.422Z","12686879","17.4","65","10.4"
"2025-12-07T12:19:49.442Z","12696898","17.4","65","10.4"
"2025-12-07T12:19:59.448Z","12706904","17.4","65","10.4"
"2025-12-07T12:20:09.468Z","12716925","17.4","65","10.4"
"2025-12-07T12:20:19.470Z","12726928","17.4","65","10.4"
"2025-12-07T12:20:29.486Z","12736943","17.4","65","10.4"
"2025-12-07T12:20:39.507Z","12746955","17.4","65","10.4"
"2025-12-07T12:20:49.511Z","12756968","17.4","65","10.4"
"2025-12-07T12:20:59.533Z","12766972","17.4","65","10.4"
"2025-12-07T12:21:09.522Z","12776979","17.4","65","10.4"
"2025-12-07T12:21:19.535Z","12786992","17.4","65","10.4"
"2025-12-07T12:21:29.546Z","12797003","17.4","65","10.4"
"2025-12-07T12:21:39.563Z","12807012","17.4","65","10.4"
"2025-12-07T12:21:49.558Z","12817015","17.4","65","10.4"
"2025-12-07T12:21:59.567Z","12827024","17.4","65","10.4"
"2025-12-07T12:22:09.585Z","12837041","17.4","65","10.4"
"2025-12-07T12:22:28.340Z","12855793","17.4","65","10.4"
"2025-12-07T12:22:38.325Z","12865782","17.4","65","10.4"
"2025-12-07T12:22:48.336Z","12875793","17.4","65","10.4"
"2025-12-07T12:22:58.339Z","12885797","17.4","65","10.4"
"2025-12-07T12:23:08.363Z","12895820","17.4","65","10.4"
"2025-12-07T12:23:18.362Z","12905819","17.4","65","10.4"
"2025-12-07T12:23:28.376Z","12915833","17.4","65","10.4"
"2025-12-07T12:23:38.384Z","12925841","17.4","65","10.4"
"2025-12-07T12:23:48.403Z","12935860","17.4","65","10.4"
"2025-12-07T12:23:58.397Z","12945854","17.4","65","10.4"
"2025-12-07T12:24:08.414Z","12955872","17.4","65","10.4"
"2025-12-07T12:24:18.408Z","12965867","17.4","65","10.4"
"2025-12-07T12:24:28.409Z","12975868","17.4","65","10.4"
"2025-12-07T12:24:38.422Z","12985881","17.4","65","10.4"
"2025-12-07T12:24:48.422Z","12995881","17.4","65","10.4"
"2025-12-07T12:24:58.442Z","13005901","17.4","65","10.4"
"2025-12-07T12:25:08.469Z","13015908","17.4","65","10.4"
"2025-12-07T12:25:18.464Z","13025923","17.4","65","10.4"
"2025-12-07T12:25:28.492Z","13035951","17.4","65","10.4"
"2025-12-07T12:25:38.486Z","13045943","17.4","65","10.4"
"2025-12-07T12:25:48.477Z","13055935","17.4","65","10.4"
"2025-12-07T12:25:58.495Z","13065953","17.4","65","10.4"
"2025-12-07T12:26:08.504Z","13075961","17.4","65","10.4"
"2025-12-07T12:26:18.530Z","13085980","17.4","65","10.4"
"2025-12-07T12:26:28.546Z","13095987","17.4","65","10.4"
"2025-12-07T12:26:38.539Z","13105998","17.4","65","10.4"
"2025-12-07T12:26:48.629Z","13116087","17.4","65","10.4"
"2025-12-07T12:26:58.665Z","13126124","17.4","65","10.4"
"2025-12-07T12:27:08.563Z","13136016","17.4","65","10.4"
"2025-12-07T12:27:18.633Z","13146089","17.4","65","10.4"
"2025-12-07T12:27:28.574Z","13156033","17.4","65","10.4"
"2025-12-07T12:27:38.702Z","13166162","17.4","65","10.4"
"2025-12-07T12:27:48.634Z","13176093","17.4","65","10.4"
"2025-12-07T12:27:58.603Z","13186054","17.4","65","10.4"
"2025-12-07T12:28:08.705Z","13196165","17.4","65","10.4"
"2025-12-07T12:28:18.627Z","13206070","17.4","65","10.4"
"2025-12-07T12:28:28.674Z","13216133","17.4","65","10.4"
"2025-12-07T12:28:38.649Z","13226109","17.4","65","10.4"
"2025-12-07T12:28:48.648Z","13236107","17.4","65","10.4"
"2025-12-07T12:28:58.672Z","13246131","17.4","65","10.4"
"2025-12-07T12:29:08.657Z","13256116","17.4","65","10.4"
"2025-12-07T12:29:18.667Z","13266126","17.4","65","10.4"
"2025-12-07T12:31:55.746Z","13423202","17.4","65","10.4"
"2025-12-07T12:32:05.729Z","13433190","17.4","65","10.4"
"2025-12-07T12:32:15.741Z","13443201","17.4","65","10.4"
"2025-12-07T12:32:25.737Z","13453198","17.4","65","10.4"
"2025-12-07T12:32:35.765Z","13463225","17.4","65","10.4"
"2025-12-07T12:32:45.762Z","13473222","17.4","65","10.4"
"2025-12-07T12:32:55.780Z","13483240","17.4","65","10.4"
"2025-12-07T12:33:05.777Z","13493237","17.4","65","10.4"
"2025-12-07T12:33:15.908Z","13503368","17.4","65","10.4"
"2025-12-07T12:33:25.798Z","13513258","17.4","65","10.4"
"2025-12-07T12:33:35.818Z","13523279","17.4","65","10.4"
"2025-12-07T12:33:45.818Z","13533279","17.4","65","10.4"
"2025-12-07T12:33:55.843Z","13543303","17.4","65","10.4"
"2025-12-07T12:34:05.841Z","13553303","17.4","65","10.4"
"2025-12-07T12:34:15.856Z","13563317","17.4","65","10.4"
"2025-12-07T12:34:25.858Z","13573318","17.4","65","10.4"
"2025-12-07T12:34:35.880Z","13583341","17.4","65","10.4"
"2025-12-07T12:34:45.862Z","13593324","17.4","65","10.4"
"2025-12-07T12:34:55.868Z","13603329","17.4","65","10.4"
"2025-12-07T12:35:05.885Z","13613346","17.4","65","10.4"
"2025-12-07T12:35:15.883Z","13623344","17.4","65","10.4"
"2025-12-07T12:35:25.901Z","13633362","17.4","65","10.4"
"2025-12-07T12:35:35.900Z","13643362","17.4","65","10.4"
"2025-12-07T12:35:45.923Z","13653384","17.4","65","10.4"
"2025-12-07T12:35:55.918Z","13663380","17.4","65","10.4"
"2025-12-07T12:36:05.928Z","13673382","17.4","65","10.4"
"2025-12-07T12:36:15.928Z","13683389","17.4","65","10.4"
"2025-12-07T12:36:25.959Z","13693420","17.4","65","10.4"
"2025-12-07T12:36:35.940Z","13703402","17.4","65","10.4"
"2025-12-07T12:36:45.950Z","13713412","17.4","65","10.4"
"2025-12-07T12:36:55.971Z","13723433","17.4","65","10.4"
"2025-12-07T12:37:06.005Z","13733468","17.4","65","10.4"
"2025-12-07T12:37:15.980Z","13743442","17.4","65","10.4"
"2025-12-07T12:37:25.985Z","13753447","17.4","65","10.4"
"2025-12-07T12:37:36.008Z","13763470","17.4","65","10.4"
"2025-12-07T12:37:45.994Z","13773456","17.4","65","10.4"
"2025-12-07T12:37:55.998Z","13783460","17.4","65","10.4"
"2025-12-07T12:38:06.010Z","13793473","17.4","65","10.4"
"2025-12-07T12:38:16.051Z","13803512","17.4","65","10.4"
"2025-12-07T12:38:26.080Z","13813543","17.4","65","10.4"
"2025-12-07T12:38:36.015Z","13823478","17.4","65","10.4"
"2025-12-07T12:38:46.049Z","13833509","17.4","65","10.4"
"2025-12-07T12:38:56.027Z","13843489","17.4","65","10.4"
"2025-12-07T12:39:06.117Z","13853580","17.4","65","10.4"
"2025-12-07T12:39:16.050Z","13863512","17.4","65","10.4"
"2025-12-07T12:39:26.039Z","13873502","17.4","65","10.4"
"2025-12-07T12:39:36.041Z","13883503","17.4","65","10.4"
"2025-12-07T12:39:46.157Z","13893619","17.4","65","10.4"
"2025-12-07T12:39:56.053Z","13903515","17.4","65","10.4"
"2025-12-07T12:40:06.082Z","13913544","17.4","65","10.4"
"2025-12-07T12:40:16.162Z","13923624","17.4","65","10.4"
"2025-12-07T12:40:26.197Z","13933659","17.4","65","10.4"
"2025-12-07T12:40:36.129Z","13943592","17.4","65","10.4"
"2025-12-07T12:40:46.166Z","13953628","17.4","65","10.4"
"2025-12-07T12:40:56.120Z","13963577","17.4","65","10.4"
"2025-12-07T12:41:06.131Z","13973594","17.4","65","10.4"
"2025-12-07T12:41:16.127Z","13983590","17.4","65","10.4"
"2025-12-07T12:41:26.137Z","13993593","17.4","65","10.4"
"2025-12-07T12:41:36.144Z","14003607","17.4","65","10.4"
"2025-12-07T12:41:46.276Z","14013737","17.4","65","10.4"
"2025-12-07T12:41:56.151Z","14023615","17.4","65","10.4"
"2025-12-07T12:42:06.243Z","14033706","17.4","65","10.4"
"2025-12-07T12:42:16.295Z","14043758","17.4","65","10.4"
"2025-12-07T12:42:26.173Z","14053636","17.4","65","10.4"
"2025-12-07T12:42:36.246Z","14063709","17.4","65","10.4"
"2025-12-07T12:42:46.282Z","14073742","17.4","65","10.4"
"2025-12-07T12:42:56.317Z","14083779","17.4","65","10.4"
"2025-12-07T12:43:06.194Z","14093657","17.4","65","10.4"
"2025-12-07T12:43:16.206Z","14103668","17.4","65","10.4"
"2025-12-07T12:43:26.218Z","14113681","17.4","65","10.4"
"2025-12-07T12:43:36.214Z","14123678","17.4","65","10.4"
"2025-12-07T12:43:46.229Z","14133693","17.4","65","10.4"
"2025-12-07T12:43:56.235Z","14143699","17.4","65","10.4"
"2025-12-07T12:44:06.256Z","14153718","17.4","65","10.4"
"2025-12-07T12:44:16.250Z","14163715","17.4","65","10.4"
"2025-12-07T12:44:26.273Z","14173729","17.4","65","10.4"
"2025-12-07T12:44:36.264Z","14183728","17.4","65","10.4"
"2025-12-07T12:44:46.284Z","14193731","17.4","65","10.4"
"2025-12-07T12:44:56.271Z","14203735","17.4","65","10.4"
"2025-12-07T12:45:06.280Z","14213744","17.4","65","10.4"
"2025-12-07T12:45:16.299Z","14223763","17.4","65","10.4"
"2025-12-07T12:45:26.301Z","14233765","17.4","65","10.4"
"2025-12-07T12:45:36.311Z","14243775","17.4","65","10.4"
"2025-12-07T12:45:46.313Z","14253777","17.4","65","10.4"
"2025-12-07T12:45:56.335Z","14263799","17.4","65","10.4"
"2025-12-07T12:46:06.327Z","14273791","17.4","65","10.4"
"2025-12-07T12:46:16.331Z","14283795","17.4","65","10.4"
"2025-12-07T12:46:26.347Z","14293810","17.4","65","10.4"
"2025-12-07T12:46:36.338Z","14303802","17.4","65","10.4"
"2025-12-07T12:46:46.350Z","14313813","17.4","65","10.4"
"2025-12-07T12:46:56.351Z","14323815","17.4","65","10.4"
"2025-12-07T12:47:06.373Z","14333838","17.4","65","10.4"
"2025-12-07T12:47:16.357Z","14343821","17.4","65","10.4"
"2025-12-07T12:47:26.357Z","14353822","17.4","65","10.4"
"2025-12-07T12:47:36.380Z","14363845","17.4","65","10.4"
"2025-12-07T12:47:46.373Z","14373837","17.4","65","10.4"
"2025-12-07T12:47:56.387Z","14383846","17.4","65","10.4"
"2025-12-07T12:48:06.390Z","14393854","17.4","65","10.4"
"2025-12-07T12:48:16.416Z","14403880","17.4","65","10.4"
"2025-12-07T12:48:26.406Z","14413870","17.4","65","10.4"
"2025-12-07T12:48:36.433Z","14423897","17.4","65","10.4"
"2025-12-07T12:48:46.427Z","14433891","17.4","65","10.4"
"2025-12-07T12:48:56.428Z","14443893","17.4","65","10.4"
"2025-12-07T12:49:06.438Z","14453903","17.4","65","10.4"
"2025-12-07T12:49:16.441Z","14463905","17.4","65","10.4"
"2025-12-07T12:49:26.463Z","14473928","17.4","65","10.4"
"2025-12-07T12:49:36.463Z","14483928","17.4","65","10.4"
"2025-12-07T12:49:46.490Z","14493955","17.4","65","10.4"
"2025-12-07T12:49:56.481Z","14503946","17.4","65","10.4"
"2025-12-07T12:50:06.501Z","14513966","17.4","65","10.4"
"2025-12-07T12:50:16.496Z","14523960","17.4","65","10.4"
"2025-12-07T12:50:26.496Z","14533961","17.4","65","10.4"
"2025-12-07T12:50:36.504Z","14543969","17.4","65","10.4"
"2025-12-07T12:50:46.540Z","14554005","17.4","65","10.4"
"2025-12-07T12:50:56.526Z","14563991","17.4","65","10.4"
"2025-12-07T12:51:06.553Z","14574019","17.4","65","10.4"
"2025-12-07T12:51:16.546Z","14584010","17.4","65","10.4"
"2025-12-07T12:51:26.579Z","14594044","17.4","65","10.4"
"2025-12-07T12:51:36.561Z","14604026","17.4","65","10.4"
"2025-12-07T12:51:46.566Z","14614031","17.4","65","10.4"
"2025-12-07T12:51:56.590Z","14624055","17.4","65","10.4"
"2025-12-07T12:52:06.583Z","14634048","17.4","65","10.4"
"2025-12-07T12:52:16.603Z","14644067","17.4","65","10.4"
"2025-12-07T12:52:26.597Z","14654063","17.4","65","10.4"
"2025-12-07T12:52:36.626Z","14664091","17.4","65","10.4"
"2025-12-07T12:52:46.619Z","14674085","17.4","65","10.4"
"2025-12-07T12:52:56.635Z","14684100","17.4","65","10.4"
"2025-12-07T12:53:06.631Z","14694097","17.4","65","10.4"
"2025-12-07T12:53:16.667Z","14704131","17.4","65","10.4"
"2025-12-07T12:53:26.653Z","14714118","17.4","65","10.4"
"2025-12-07T12:53:36.675Z","14724140","17.4","65","10.4"
"2025-12-07T12:53:46.676Z","14734141","17.4","65","10.4"
"2025-12-07T12:53:56.698Z","14744163","17.4","65","10.4"
"2025-12-07T12:54:06.690Z","14754156","17.4","65","10.4"
"2025-12-07T12:54:16.692Z","14764158","17.4","65","10.4"
"2025-12-07T12:54:26.701Z","14774167","17.4","65","10.4"
"2025-12-07T12:54:36.702Z","14784168","17.4","65","10.4"
"2025-12-07T12:54:46.718Z","14794184","17.4","65","10.4"
"2025-12-07T12:54:56.725Z","14804191","17.4","65","10.4"
"2025-12-07T12:55:06.740Z","14814206","17.4","65","10.4"
"2025-12-07T12:55:16.732Z","14824198","17.4","65","10.4"
"2025-12-07T12:55:26.753Z","14834220","17.4","65","10.4"
"2025-12-07T12:55:36.744Z","14844210","17.4","65","10.4"
"2025-12-07T12:55:46.778Z","14854245","17.4","65","10.4"
"2025-12-07T12:55:56.770Z","14864237","17.4","65","10.4"
"2025-12-07T12:56:06.793Z","14874260","17.4","65","10.4"
"2025-12-07T12:56:16.791Z","14884257","17.4","65","10.4"
"2025-12-07T12:56:26.809Z","14894258","17.4","65","10.4"
"2025-12-07T12:56:36.798Z","14904264","17.4","65","10.4"
"2025-12-07T12:56:46.797Z","14914264","17.4","65","10.4"
"2025-12-07T12:56:56.820Z","14924287","17.4","65","10.4"
"2025-12-07T12:57:06.815Z","14934282","17.4","65","10.4"
"2025-12-07T12:57:16.834Z","14944302","17.4","65","10.4"
"2025-12-07T12:57:26.831Z","14954298","17.4","65","10.4"
"2025-12-07T12:57:36.860Z","14964327","17.4","65","10.4"
"2025-12-07T12:57:46.843Z","14974310","17.4","65","10.4"
"2025-12-07T12:57:56.855Z","14984322","17.4","65","10.4"
"2025-12-07T12:58:06.871Z","14994337","17.4","65","10.4"
"2025-12-07T12:58:16.866Z","15004333","17.4","65","10.4"
"2025-12-07T12:58:26.880Z","15014347","17.4","65","10.4"
"2025-12-07T12:58:36.971Z","15024437","17.4","65","10.4"
"2025-12-07T12:58:47.108Z","15034575","17.4","65","10.4"
"2025-12-07T12:58:56.898Z","15044365","17.4","65","10.4"
"2025-12-07T12:59:06.975Z","15054442","17.4","65","10.4"
"2025-12-07T12:59:16.906Z","15064373","17.4","65","10.4"
"2025-12-07T12:59:26.932Z","15074381","17.4","65","10.4"
"2025-12-07T12:59:36.927Z","15084394","17.4","65","10.4"
"2025-12-07T12:59:46.930Z","15094394","17.4","65","10.4"
"2025-12-07T12:59:56.945Z","15104412","17.4","65","10.4"
"2025-12-07T13:00:06.984Z","15114451","17.4","65","10.4"
"2025-12-07T13:00:17.017Z","15124483","17.4","65","10.4"
"2025-12-07T13:00:27.048Z","15134515","17.4","65","10.4"
"2025-12-07T13:00:36.984Z","15144452","17.4","65","10.4"
"2025-12-07T13:00:46.979Z","15154445","17.4","65","10.4"
"2025-12-07T13:00:56.995Z","15164462","17.4","65","10.4"
"2025-12-07T13:01:06.987Z","15174454","17.4","65","10.4"
"2025-12-07T13:01:16.991Z","15184458","17.4","65","10.4"
"2025-12-07T13:01:27.004Z","15194471","17.4","65","10.4"
"2025-12-07T13:01:37.004Z","15204471","17.4","65","10.4"
"2025-12-07T13:01:47.029Z","15214496","17.4","65","10.4"
"2025-12-07T13:01:57.062Z","15224530","17.4","65","10.4"
"2025-12-07T13:02:07.096Z","15234563","17.4","65","10.4"
"2025-12-07T13:02:17.028Z","15244496","17.4","65","10.4"
"2025-12-07T13:02:27.066Z","15254533","17.4","65","10.4"
"2025-12-07T13:02:37.103Z","15264570","17.4","65","10.4"
"2025-12-07T13:02:47.138Z","15274605","17.4","65","10.4"
"2025-12-07T13:02:57.078Z","15284535","17.4","65","10.4"
"2025-12-07T13:03:07.094Z","15294544","17.4","65","10.4"
"2025-12-07T13:03:17.085Z","15304552","17.4","65","10.4"
"2025-12-07T13:03:27.085Z","15314554","17.4","65","10.4"
"2025-12-07T13:03:37.210Z","15324678","17.4","65","10.4"
"2025-12-07T13:03:47.142Z","15334611","17.4","65","10.4"
"2025-12-07T13:03:57.178Z","15344646","17.4","65","10.4"
"2025-12-07T13:04:07.110Z","15354578","17.4","65","10.4"
"2025-12-07T13:04:17.103Z","15364571","17.4","65","10.4"
"2025-12-07T13:04:27.117Z","15374576","17.4","65","10.4"
"2025-12-07T13:04:37.114Z","15384582","17.4","65","10.4"
"2025-12-07T13:04:47.140Z","15394591","17.4","65","10.4"
"2025-12-07T13:04:57.131Z","15404598","17.4","65","10.4"
"2025-12-07T13:05:07.220Z","15414688","17.4","65","10.4"
"2025-12-07T13:05:17.153Z","15424619","17.4","65","10.4"
"2025-12-07T13:05:27.190Z","15434657","17.4","65","10.4"
"2025-12-07T13:05:37.159Z","15444622","17.4","65","10.4"
"2025-12-07T13:05:47.259Z","15454726","17.4","65","10.4"
"2025-12-07T13:05:57.193Z","15464661","17.4","65","10.4"
"2025-12-07T13:06:07.225Z","15474694","17.4","65","10.4"
"2025-12-07T13:06:17.263Z","15484732","17.4","65","10.4"
"2025-12-07T13:06:27.298Z","15494766","17.4","65","10.4"
"2025-12-07T13:06:37.230Z","15504699","17.4","65","10.4"
"2025-12-07T13:06:47.267Z","15514736","17.4","65","10.4"
"2025-12-07T13:06:57.211Z","15524680","17.4","65","10.4"
"2025-12-07T13:07:07.337Z","15534806","17.4","65","10.4"
"2025-12-07T13:07:17.270Z","15544739","17.4","65","10.4"
"2025-12-07T13:07:27.307Z","15554776","17.4","65","10.4"
"2025-12-07T13:07:37.241Z","15564709","17.4","65","10.4"
"2025-12-07T13:07:47.270Z","15574739","17.4","65","10.4"
"2025-12-07T13:07:57.265Z","15584734","17.4","65","10.4"
"2025-12-07T13:08:07.345Z","15594814","17.4","65","10.4"
"2025-12-07T13:08:17.278Z","15604747","17.4","65","10.4"
"2025-12-07T13:08:27.309Z","15614779","17.4","65","10.4"
"2025-12-07T13:08:37.293Z","15624762","17.4","65","10.4"
"2025-12-07T13:08:47.317Z","15634778","17.4","65","10.4"
"2025-12-07T13:08:57.314Z","15644783","17.4","65","10.4"
"2025-12-07T13:09:07.316Z","15654786","17.4","65","10.4"
"2025-12-07T13:09:17.329Z","15664798","17.4","65","10.4"
"2025-12-07T13:09:27.335Z","15674805","17.4","65","10.4"
"2025-12-07T13:09:37.352Z","15684821","17.4","65","10.4"
"2025-12-07T13:09:47.407Z","15694876","17.4","65","10.4"
"2025-12-07T13:09:57.363Z","15704821","17.4","65","10.4"
"2025-12-07T13:10:07.384Z","15714853","17.4","65","10.4"
"2025-12-07T13:10:17.397Z","15724866","17.4","65","10.4"
"2025-12-07T13:10:27.428Z","15734898","17.4","65","10.4"
"2025-12-07T13:10:37.382Z","15744852","17.4","65","10.4"
"2025-12-07T13:10:47.499Z","15754968","17.4","65","10.4"
"2025-12-07T13:10:57.421Z","15764871","17.4","65","10.4"
"2025-12-07T13:11:07.415Z","15774883","17.4","65","10.4"
"2025-12-07T13:11:17.437Z","15784898","17.4","65","10.4"
"2025-12-07T13:11:27.436Z","15794906","17.4","65","10.4"
"2025-12-07T13:11:37.460Z","15804912","17.4","65","10.4"
"2025-12-07T13:11:47.507Z","15814977","17.4","65","10.4"
"2025-12-07T13:11:57.464Z","15824934","17.4","65","10.4"
"2025-12-07T13:12:07.576Z","15835046","17.4","65","10.4"
"2025-12-07T13:12:17.499Z","15844952","17.4","65","10.4"
"2025-12-07T13:12:27.545Z","15855015","17.4","65","10.4"
"2025-12-07T13:12:37.580Z","15865050","17.4","65","10.4"
"2025-12-07T13:12:47.614Z","15875085","17.4","65","10.4"
"2025-12-07T13:12:57.503Z","15884973","17.4","65","10.4"
"2025-12-07T13:13:14.757Z","15902223","17.4","65","10.4"
"2025-12-07T13:13:24.792Z","15912261","17.4","65","10.4"
"2025-12-07T13:13:34.720Z","15922190","17.4","65","10.4"
"2025-12-07T13:13:44.754Z","15932225","17.4","65","10.4"
"2025-12-07T13:13:54.791Z","15942261","17.4","65","10.4"
"2025-12-07T13:14:04.828Z","15952297","17.4","65","10.4"
"2025-12-07T13:14:14.713Z","15962183","17.4","65","10.4"
"2025-12-07T13:14:24.733Z","15972204","17.4","65","10.4"
"2025-12-07T13:14:34.731Z","15982201","17.4","65","10.4"
"2025-12-07T13:14:44.866Z","15992337","17.4","65","10.4"
"2025-12-07T13:14:54.797Z","16002268","17.4","65","10.4"
"2025-12-07T13:15:04.833Z","16012304","17.4","65","10.4"
"2025-12-07T13:15:14.868Z","16022339","17.4","65","10.4"
"2025-12-07T13:15:24.801Z","16032272","17.4","65","10.4"
"2025-12-07T13:15:34.779Z","16042250","17.4","65","10.4"
"2025-12-07T13:15:44.790Z","16052261","17.4","65","10.4"
"2025-12-07T13:15:54.802Z","16062272","17.4","65","10.4"
"2025-12-07T13:16:20.535Z","16088001","17.4","65","10.4"
"2025-12-07T13:16:30.543Z","16098014","17.4","65","10.4"
"2025-12-07T13:16:40.538Z","16108009","17.4","65","10.4"
"2025-12-07T13:16:50.612Z","16118083","17.4","65","10.4"
"2025-12-07T13:17:00.550Z","16128021","17.4","65","10.4"
"2025-12-07T13:17:10.571Z","16138022","17.4","65","10.4"
"2025-12-07T13:17:20.617Z","16148088","17.4","65","10.4"
"2025-12-07T13:17:30.652Z","16158123","17.4","65","10.4"
"2025-12-07T13:17:40.686Z","16168157","17.4","65","10.4"
"2025-12-07T13:17:50.620Z","16178091","17.4","65","10.4"
"2025-12-07T13:18:00.658Z","16188129","17.4","65","10.4"
"2025-12-07T13:18:10.602Z","16198073","17.4","65","10.4"
"2025-12-07T13:18:20.621Z","16208093","17.4","65","10.4"
"2025-12-07T13:18:30.657Z","16218129","17.4","65","10.4"
"2025-12-07T13:18:40.692Z","16228164","17.4","65","10.4"
"2025-12-07T13:18:50.632Z","16238104","17.4","65","10.4"
"2025-12-07T13:19:00.662Z","16248133","17.4","65","10.4"
"2025-12-07T13:19:10.645Z","16258116","17.4","65","10.4"
"2025-12-07T13:19:20.732Z","16268204","17.4","65","10.4"
"2025-12-07T13:19:30.767Z","16278239","17.4","65","10.4"
"2025-12-07T13:19:40.701Z","16288172","17.4","65","10.4"
"2025-12-07T13:19:50.735Z","16298207","17.4","65","10.4"
"2025-12-07T13:20:00.772Z","16308244","17.4","65","10.4"
"2025-12-07T13:20:10.806Z","16318278","17.4","65","10.4"
"2025-12-07T13:20:20.760Z","16328232","17.4","65","10.4"
"2025-12-07T13:20:30.775Z","16338247","17.4","65","10.4"
"2025-12-07T13:20:40.809Z","16348281","17.4","65","10.4"
"2025-12-07T13:20:50.845Z","16358317","17.4","65","10.4"
"2025-12-07T13:21:00.777Z","16368249","17.4","65","10.4"
"2025-12-07T13:21:10.731Z","16378203","17.4","65","10.4"
"2025-12-07T13:21:20.848Z","16388320","17.4","65","10.4"
"2025-12-07T13:21:30.780Z","16398253","17.4","65","10.4"
"2025-12-07T13:21:40.816Z","16408288","17.4","65","10.4"
"2025-12-07T13:21:50.852Z","16418324","17.4","65","10.4"
"2025-12-07T13:22:00.891Z","16428359","17.4","65","10.4"
"2025-12-07T13:22:10.821Z","16438293","17.4","65","10.4"
"2025-12-07T13:22:20.795Z","16448268","17.4","65","10.4"
"2025-12-07T13:22:30.790Z","16458263","17.4","65","10.4"
"2025-12-07T13:22:40.822Z","16468295","17.4","65","10.4"
"2025-12-07T13:22:50.858Z","16478330","17.4","65","10.4"
"2025-12-07T13:23:00.893Z","16488366","17.4","65","10.4"
"2025-12-07T13:23:10.929Z","16498402","17.4","65","10.4"
"2025-12-07T13:23:20.966Z","16508438","17.4","65","10.4"
"2025-12-07T13:23:30.897Z","16518370","17.4","65","10.4"
"2025-12-07T13:23:40.931Z","16528405","17.4","65","10.4"
"2025-12-07T13:23:50.863Z","16538337","17.4","65","10.4"
"2025-12-07T13:24:00.903Z","16548375","17.4","65","10.4"
"2025-12-07T13:24:10.936Z","16558410","17.4","65","10.4"
"2025-12-07T13:24:20.971Z","16568446","17.4","65","10.4"
"2025-12-07T13:24:31.005Z","16578479","17.4","65","10.4"
"2025-12-07T13:24:40.945Z","16588419","17.4","65","10.4"
"2025-12-07T13:24:50.927Z","16598401","17.4","65","10.4"
"2025-12-07T13:25:01.010Z","16608483","17.4","65","10.4"
"2025-12-07T13:25:11.045Z","16618519","17.4","65","10.4"
"2025-12-07T13:25:20.979Z","16628453","17.4","65","10.4"
"2025-12-07T13:25:31.013Z","16638487","17.4","65","10.4"
"2025-12-07T13:25:41.049Z","16648522","17.4","65","10.4"
"2025-12-07T13:25:50.981Z","16658455","17.4","65","10.4"
"2025-12-07T13:26:01.019Z","16668493","17.4","65","10.4"
"2025-12-07T13:26:11.052Z","16678526","17.4","65","10.4"
"2025-12-07T13:26:20.986Z","16688460","17.4","65","10.4"
"2025-12-07T13:26:31.028Z","16698503","17.4","65","10.4"
"2025-12-07T13:26:41.002Z","16708476","17.4","65","10.4"
"2025-12-07T13:26:51.003Z","16718478","17.4","65","10.4"
"2025-12-07T13:27:01.125Z","16728600","17.4","65","10.4"
"2025-12-07T13:27:11.060Z","16738533","17.4","65","10.4"
"2025-12-07T13:27:21.041Z","16748515","17.4","64","10.2"
"2025-12-07T13:27:31.054Z","16758526","17.4","64","10.2"
"2025-12-07T13:27:41.164Z","16768639","17.4","64","10.2"
"2025-12-07T13:27:51.199Z","16778674","17.4","64","10.2"
"2025-12-07T13:28:01.140Z","16788614","17.4","64","10.2"
"2025-12-07T13:28:11.168Z","16798642","17.4","64","10.2"
"2025-12-07T13:28:21.205Z","16808679","17.4","64","10.2"
"2025-12-07T13:28:31.241Z","16818714","17.4","64","10.2"
"2025-12-07T13:28:41.130Z","16828604","17.4","64","10.2"
"2025-12-07T13:28:51.208Z","16838683","17.4","64","10.2"
"2025-12-07T13:29:01.244Z","16848716","17.4","64","10.2"
"2025-12-07T13:29:11.176Z","16858651","17.4","64","10.2"
"2025-12-07T13:29:21.210Z","16868685","17.4","64","10.2"
"2025-12-07T13:29:31.175Z","16878632","17.4","64","10.2"
"2025-12-07T13:29:41.280Z","16888756","17.4","64","10.2"
"2025-12-07T13:29:51.214Z","16898689","17.4","64","10.2"
"2025-12-07T13:30:01.249Z","16908724","17.4","64","10.2"
"2025-12-07T13:30:11.284Z","16918759","17.4","64","10.2"
"2025-12-07T13:30:21.319Z","16928794","17.4","64","10.2"
"2025-12-07T13:30:31.254Z","16938729","17.4","64","10.2"
"2025-12-07T13:30:41.286Z","16948762","17.4","64","10.2"
"2025-12-07T13:30:51.324Z","16958799","17.4","64","10.2"
"2025-12-07T13:31:01.273Z","16968747","17.4","64","10.2"
"2025-12-07T13:31:11.289Z","16978765","17.4","64","10.2"
"2025-12-07T13:31:21.329Z","16988804","17.4","64","10.2"
"2025-12-07T13:35:14.385Z","17221840","17.4","65","10.4"
"2025-12-07T13:35:24.352Z","17231828","17.4","65","10.4"
"2025-12-07T13:35:34.362Z","17241837","17.4","65","10.4"
"2025-12-07T13:35:44.384Z","17251842","17.4","65","10.4"
"2025-12-07T13:35:54.376Z","17261852","17.4","65","10.4"
"2025-12-07T13:36:04.381Z","17271856","17.4","65","10.4"
"2025-12-07T13:36:14.502Z","17281978","17.4","65","10.4"
"2025-12-07T13:36:24.400Z","17291875","17.4","65","10.4"
"2025-12-07T13:36:34.470Z","17301945","17.4","65","10.4"
"2025-12-07T13:36:44.504Z","17311980","17.4","65","10.4"
"2025-12-07T13:36:54.540Z","17322016","17.4","65","10.4"
"2025-12-07T13:37:04.439Z","17331915","17.4","65","10.4"
"2025-12-07T13:37:14.508Z","17341984","17.4","65","10.4"
"2025-12-07T13:37:24.446Z","17351923","17.4","65","10.4"
"2025-12-07T13:37:34.476Z","17361952","17.4","65","10.4"
"2025-12-07T13:37:44.460Z","17371936","17.4","65","10.4"
"2025-12-07T13:37:54.546Z","17382023","17.4","65","10.4"
"2025-12-07T13:38:04.582Z","17392058","17.4","65","10.4"
"2025-12-07T13:38:14.515Z","17401991","17.4","65","10.4"
"2025-12-07T13:40:56.009Z","17563482","17.4","65","10.4"
"2025-12-07T13:41:05.973Z","17573444","17.4","65","10.4"
"2025-12-07T13:41:16.073Z","17583550","17.4","65","10.4"
"2025-12-07T13:41:26.002Z","17593479","17.4","65","10.4"
"2025-12-07T13:41:35.992Z","17603469","17.4","65","10.4"
"2025-12-07T13:41:45.994Z","17613471","17.4","65","10.4"
"2025-12-07T13:58:30.147Z","18617624","17.4","65","10.4"
"2025-12-07T13:58:40.153Z","18627635","17.4","65","10.4"
"2025-12-07T13:58:50.145Z","18637626","17.4","65","10.4"
"2025-12-07T13:59:00.149Z","18647630","17.4","65","10.4"
"2025-12-07T13:59:10.157Z","18657639","17.4","65","10.4"
"2025-12-07T13:59:20.190Z","18667673","17.4","65","10.4"
"2025-12-07T13:59:30.181Z","18677663","17.4","65","10.4"
"2025-12-07T13:59:40.178Z","18687659","17.4","65","10.4"
"2025-12-07T13:59:50.295Z","18697776","17.4","65","10.4"
"2025-12-07T14:00:00.188Z","18707670","17.4","65","10.4"
"2025-12-07T14:00:10.190Z","18717673","17.4","65","10.4"
"2025-12-07T14:00:20.197Z","18727680","17.4","65","10.4"
"2025-12-07T14:00:30.226Z","18737708","17.4","65","10.4"
"2025-12-07T14:00:40.217Z","18747699","17.4","65","10.4"
"2025-12-07T14:00:50.302Z","18757784","17.4","65","10.4"
"2025-12-07T14:01:00.354Z","18767835","17.4","65","10.4"
"2025-12-07T14:01:10.265Z","18777747","17.4","65","10.4"
"2025-12-07T14:01:20.307Z","18787789","17.4","65","10.4"
"2025-12-07T14:01:30.340Z","18797823","17.4","65","10.4"
"2025-12-07T14:01:40.381Z","18807863","17.4","65","10.4"
"2025-12-07T14:01:50.415Z","18817897","17.4","65","10.4"
"2025-12-07T14:02:00.348Z","18827828","17.4","65","10.4"
"2025-12-07T14:02:10.378Z","18837859","17.4","65","10.4"
"2025-12-07T14:02:20.414Z","18847897","17.4","65","10.4"
"2025-12-07T14:02:30.347Z","18857830","17.4","65","10.4"
"2025-12-07T14:02:40.330Z","18867812","17.4","65","10.4"
"2025-12-07T14:02:50.325Z","18877808","17.4","65","10.4"
"2025-12-07T14:03:00.453Z","18887936","17.4","65","10.4"
"2025-12-07T14:03:10.340Z","18897822","17.4","65","10.4"
"2025-12-07T14:03:20.419Z","18907902","17.4","65","10.4"
"2025-12-07T14:03:30.457Z","18917940","17.4","65","10.4"
"2025-12-07T14:03:40.492Z","18927975","17.4","65","10.4"
"2025-12-07T14:03:50.425Z","18937908","17.4","65","10.4"
"2025-12-07T14:04:00.459Z","18947943","17.4","65","10.4"
"2025-12-07T14:04:10.498Z","18957981","17.4","65","10.4"
"2025-12-07T14:04:20.417Z","18967881","17.4","65","10.4"
"2025-12-07T14:04:30.468Z","18977952","17.4","65","10.4"
"2025-12-07T14:04:40.502Z","18987986","17.4","65","10.4"
"2025-12-07T14:04:50.436Z","18997920","17.4","65","10.4"
"2025-12-07T14:05:00.470Z","19007953","17.4","65","10.4"
"2025-12-07T14:05:10.503Z","19017986","17.4","65","10.4"
"2025-12-07T14:05:20.538Z","19028021","17.4","65","10.4"
"2025-12-07T14:05:30.573Z","19038057","17.4","65","10.4"
"2025-12-07T14:05:40.608Z","19048092","17.4","65","10.4"
"2025-12-07T14:05:50.506Z","19057991","17.4","65","10.4"
"2025-12-07T14:06:00.516Z","19067994","17.4","65","10.4"
"2025-12-07T14:06:10.512Z","19077996","17.4","65","10.4"
"2025-12-07T14:06:20.647Z","19088130","17.4","65","10.4"
"2025-12-07T14:06:30.580Z","19098064","17.4","65","10.4"
"2025-12-07T14:06:40.615Z","19108099","17.4","65","10.4"
"2025-12-07T14:06:50.652Z","19118135","17.4","65","10.4"
"2025-12-07T14:07:00.582Z","19128067","17.4","65","10.4"
"2025-12-07T14:07:10.619Z","19138103","17.4","65","10.4"
"2025-12-07T14:07:20.662Z","19148146","17.4","65","10.4"
"2025-12-07T14:07:30.689Z","19158173","17.4","65","10.4"
"2025-12-07T14:07:40.621Z","19168105","17.4","65","10.4"
"2025-12-07T14:07:50.657Z","19178141","17.4","65","10.4"
"2025-12-07T14:08:07.045Z","19194526","17.4","65","10.4"
"2025-12-07T14:08:17.078Z","19204561","17.4","65","10.4"
"2025-12-07T14:08:27.021Z","19214506","17.4","65","10.4"
"2025-12-07T14:08:37.042Z","19224527","17.4","65","10.4"
"2025-12-07T14:08:47.031Z","19234515","17.4","65","10.4"
"2025-12-07T14:08:57.032Z","19244517","17.4","65","10.4"
"2025-12-07T14:09:07.050Z","19254534","17.4","65","10.4"
"2025-12-07T14:09:17.073Z","19264558","17.4","65","10.4"
"2025-12-07T14:09:27.119Z","19274603","17.4","65","10.4"
"2025-12-07T14:09:37.152Z","19284637","17.4","65","10.4"
"2025-12-07T14:09:47.204Z","19294689","17.4","65","10.4"
"2025-12-07T14:09:57.124Z","19304608","17.4","65","10.4"
"2025-12-07T14:10:07.159Z","19314643","17.4","65","10.4"
"2025-12-07T14:10:17.089Z","19324573","17.4","65","10.4"
"2025-12-07T14:10:27.084Z","19334569","17.4","65","10.4"
"2025-12-07T14:10:37.162Z","19344647","17.4","65","10.4"
"2025-12-07T14:10:47.197Z","19354681","17.4","65","10.4"
"2025-12-07T14:10:57.131Z","19364615","17.4","65","10.4"
"2025-12-07T14:11:07.165Z","19374650","17.4","65","10.4"
"2025-12-07T14:11:17.199Z","19384683","17.4","65","10.4"
"2025-12-07T14:11:27.150Z","19394634","17.4","65","10.4"
"2025-12-07T14:11:37.277Z","19404761","17.4","65","10.4"
"2025-12-07T14:11:47.193Z","19414661","17.4","65","10.4"
"2025-12-07T14:11:57.190Z","19424675","17.4","65","10.4"
"2025-12-07T14:12:07.194Z","19434678","17.4","65","10.4"
"2025-12-07T14:12:17.205Z","19444690","17.4","65","10.4"
"2025-12-07T14:12:27.244Z","19454728","17.4","65","10.4"
